Nome,hashtag,Tipo,Temporada
Stranger Things,strangerthings,Renovada,5
Sturm der Liebe,sturmderliebe,Renovada,22
Frieren e a Jornada para o Além,friereneajornadaparaoalm,Renovada,2
Vila Sésamo,vilassamo,Renovada,56
Fallout,fallout,Renovada,2
Maxton Hall - O mundo entre nós,maxtonhallomundoentrens,Renovada,2
Golden Globe Awards,goldenglobeawards,Renovada,83
Pluribus,pluribus,Nova Série,1
Spartacus: House of Ashur,spartacushouseofashur,Nova Série,1
Sandokan,sandokan,Nova Série,1
O Manipulado,omanipulado,Nova Série,1
Os Abandonados,osabandonados,Nova Série,1
Robin Hood,robinhood,Nova Série,1
Tudo é Justo,tudojusto,Nova Série,1
O Monstro em Mim,omonstroemmim,Nova Série,1
Até o Último Samurai,atoltimosamurai,Nova Série,1
Crutch,crutch,Nova Série,1
All Her Fault,allherfault,Nova Série,1
The Mighty Nein,themightynein,Nova Série,1
친애하는 X,x,Nova Série,1
Como um Relâmpago,comoumrelmpago,Nova Série,1
藤本タツキ 17-26,1726,Nova Série,1
I Love LA,ilovela,Nova Série,1
Anatomía de un instante,anatomadeuninstante,Nova Série,1
The Faithful,thefaithful,Nova Série,1
A Caçada,acaada,Nova Série,1
마지막 썸머,,Nova Série,1
Merteuil,merteuil,Nova Série,1
Strip Law,striplaw,Nova Série,1
TRINITY,trinity,Nova Série,1
O Cuco de Cristal,ocucodecristal,Nova Série,1
The Twelve Dates 'Til Christmas,thetwelvedatestilchristmas,Nova Série,1
Você Estava Lá,vocestaval,Nova Série,1
Yakarta,yakarta,Nova Série,1
키스는 괜히 해서!,,Nova Série,1
Las hijas de la criada,lashijasdelacriada,Nova Série,1
人間標本,,Nova Série,1
Arcadia,arcadia,Nova Série,1
프로보노,,Nova Série,1
Sra. Playmen,sraplaymen,Nova Série,1
아이돌아이,,Nova Série,1
ひらやすみ,,Nova Série,1
Como Ganhar na Loteria,comoganharnaloteria,Nova Série,1
Power: Origins,powerorigins,Nova Série,1
Las Aventuras de Alicia y Francisco,lasaventurasdealiciayfrancisco,Nova Série,1
The American Revolution,theamericanrevolution,Nova Série,1
スキャンダルイブ,,Nova Série,1
MasterChef Celebridades,masterchefcelebridades,Nova Série,1
The Danish Woman,thedanishwoman,Nova Série,1
シャドウワーク,,Nova Série,1
Le Rouge et le Noir,lerougeetlenoir,Nova Série,1
The Doomies,thedoomies,Nova Série,1
Les tres bessones,lestresbessones,Nova Série,1
Zero Stars,zerostars,Nova Série,1
Désenchantées,dsenchantes,Nova Série,1
悪いのはあなたです,,Nova Série,1
By The Way: The Beginning,bythewaythebeginning,Nova Série,1
BeLIEf,belief,Nova Série,1
Single Papa,singlepapa,Nova Série,1
Rizzler News,rizzlernews,Nova Série,1
No King Stands Alone,nokingstandsalone,Nova Série,1
도굴왕,,Nova Série,1
最強出涸らし皇子の暗躍帝位争い 無能を演じるSSランク皇子は皇位継承戦を影から支配する,ss,Nova Série,1
Beige Lantern,beigelantern,Nova Série,1
INCOMING: the game,incomingthegame,Nova Série,1
Coal,coal,Nova Série,1
Letters to Addy,letterstoaddy,Nova Série,1
What's 'T' Got To Do With It?,whatstgottodowithit,Nova Série,1
Made in India – A Titan Story,madeinindiaatitanstory,Nova Série,1
Action Movie Mayhem,actionmoviemayhem,Nova Série,1
Teen Kawwe,teenkawwe,Nova Série,1
The Stardust Hotel,thestardusthotel,Nova Série,1
Maria Madalena,mariamadalena,Nova Série,1
イキヅライブ！LOVELIVE! BLUEBIRD,lovelivebluebird,Nova Série,1
Elemental Nexus,elementalnexus,Nova Série,1
Pitago Stop,pitagostop,Nova Série,1
Guz Khan's Custom Cars,guzkhanscustomcars,Nova Série,1
Les Rois de la Main,lesroisdelamain,Nova Série,1
Beta Crystal,betacrystal,Nova Série,1
Prehistoric Planet: Ice Age,prehistoricplaneticeage,Nova Série,1
The Ninth Knot,theninthknot,Nova Série,1
The Red Dogs,thereddogs,Nova Série,1
Out of the Shadows,outoftheshadows,Nova Série,1
Forces of Nature,forcesofnature,Nova Série,1
The last Sanctury,thelastsanctury,Nova Série,1
替え玉ブラヴォー！,,Nova Série,1
Breakout: The YouTuber Story,breakouttheyoutuberstory,Nova Série,1
Wiccan,wiccan,Nova Série,1
James Rodríguez: La Docuserie,jamesrodrguezladocuserie,Nova Série,1
Ben-Hur,benhur,Nova Série,1
Você Me Vira a Cabeça,vocmeviraacabea,Nova Série,1
Droneland,droneland,Nova Série,1
Das Haus,dashaus,Nova Série,1
神の庭付き楠木邸,,Nova Série,1
Adrenaline Man,adrenalineman,Nova Série,1
Strikers,strikers,Nova Série,1
Heart of the Dawn: Inferno,heartofthedawninferno,Nova Série,1
Hard Evidence,hardevidence,Nova Série,1
Discretion,discretion,Nova Série,1
Sisco,sisco,Nova Série,1
Criminal Conundrums,criminalconundrums,Nova Série,1
Life in a Glimpse,lifeinaglimpse,Nova Série,1
Blue Moon,bluemoon,Nova Série,1
The Valley,thevalley,Nova Série,1
Stronger Together,strongertogether,Nova Série,1
SMILLAS GESPÜR FÜR SCHNEE,smillasgesprfrschnee,Nova Série,1
Dissonance,dissonance,Nova Série,1
玄界之门,,Nova Série,1
Tarot,tarot,Nova Série,1
Tales of the Bible - Histórias da Bíblia,talesofthebiblehistriasdabblia,Nova Série,1
Inside Signa - Aufstieg und Fall des René Benko,insidesignaaufstiegundfalldesrenbenko,Nova Série,1
Power Book V: Legacy,powerbookvlegacy,Nova Série,1
声鸣远扬,,Nova Série,1
Malgré moi,malgrmoi,Nova Série,1
FUTURE KID TAKARA,futurekidtakara,Nova Série,1
Heated Rivalry,heatedrivalry,Nova Série,1
Coração Acelerado,coraoacelerado,Nova Série,1
RJ Decker,rjdecker,Nova Série,1
Frier und Fünfzig - Am Ende meiner Tage,frierundfnfzigamendemeinertage,Nova Série,1
Crew Girl,crewgirl,Nova Série,1
Break from Apocalypse,breakfromapocalypse,Nova Série,1
MONEYLENDER,moneylender,Nova Série,1
Detective Naveed,detectivenaveed,Nova Série,1
キンパとおにぎり〜恋するふたりは似ていてちがう〜,,Nova Série,1
Crime désorganisé: au cœur de la délinquance juvénile,crimedsorganisaucurdeladlinquancejuvnile,Nova Série,1
THE PETRA Ultimate Series,thepetraultimateseries,Nova Série,1
Tuxedo Knife,tuxedoknife,Nova Série,1
Husk to Self,husktoself,Nova Série,1
Diamond: Dawn Of The Primal,diamonddawnoftheprimal,Nova Série,1
